BE,0,1,1
BE1,1,1,2
BE10,2,1,3
BE100,3,1,4
BE2,1,1,5
BE21,2,1,6
BE211,3,1,7
BE212,3,1,8
BE213,3,1,9
BE22,2,1,10
BE223,3,1,11
BE224,3,1,12
BE225,3,1,13
BE23,2,1,14
BE231,3,1,15
BE232,3,1,16
BE233,3,1,17
BE234,3,1,18
BE235,3,1,19
BE236,3,1,20
BE24,2,1,21
BE241,3,1,22
BE242,3,1,23
BE25,2,1,24
BE251,3,1,25
BE252,3,1,26
BE253,3,1,27
BE254,3,1,28
BE255,3,1,29
BE256,3,1,30
BE257,3,1,31
BE258,3,1,32
BE3,1,1,33
BE31,2,1,34
BE310,3,1,35
BE32,2,1,36
BE323,3,1,37
BE328,3,1,38
BE329,3,1,39
BE32A,3,1,40
BE32B,3,1,41
BE32C,3,1,42
BE32D,3,1,43
BE33,2,1,44
BE331,3,1,45
BE332,3,1,46
BE334,3,1,47
BE335,3,1,48
BE336,3,1,49
BE34,2,1,50
BE341,3,1,51
BE342,3,1,52
BE343,3,1,53
BE344,3,1,54
BE345,3,1,55
BE35,2,1,56
BE351,3,1,57
BE352,3,1,58
BE353,3,1,59
BEZ,1,1,60
BEZZ,2,1,61
BEZZZ,3,1,62
BG,0,2,63
BG3,1,2,64
BG31,2,2,65
BG311,3,2,66
BG312,3,2,67
BG313,3,2,68
BG314,3,2,69
BG315,3,2,70
BG32,2,2,71
BG321,3,2,72
BG322,3,2,73
BG323,3,2,74
BG324,3,2,75
BG325,3,2,76
BG33,2,2,77
BG331,3,2,78
BG332,3,2,79
BG333,3,2,80
BG334,3,2,81
BG34,2,2,82
BG341,3,2,83
BG342,3,2,84
BG343,3,2,85
BG344,3,2,86
BG4,1,2,87
BG41,2,2,88
BG411,3,2,89
BG412,3,2,90
BG413,3,2,91
BG414,3,2,92
BG415,3,2,93
BG42,2,2,94
BG421,3,2,95
BG422,3,2,96
BG423,3,2,97
BG424,3,2,98
BG425,3,2,99
BGZ,1,2,100
BGZZ,2,2,101
BGZZZ,3,2,102
CZ,0,3,103
CZ0,1,3,104
CZ01,2,3,105
CZ010,3,3,106
CZ02,2,3,107
CZ020,3,3,108
CZ03,2,3,109
CZ031,3,3,110
CZ032,3,3,111
CZ04,2,3,112
CZ041,3,3,113
CZ042,3,3,114
CZ05,2,3,115
CZ051,3,3,116
CZ052,3,3,117
CZ053,3,3,118
CZ06,2,3,119
CZ063,3,3,120
CZ064,3,3,121
CZ07,2,3,122
CZ071,3,3,123
CZ072,3,3,124
CZ08,2,3,125
CZ080,3,3,126
CZZ,1,3,127
CZZZ,2,3,128
CZZZZ,3,3,129
DK,0,4,130
DK0,1,4,131
DK01,2,4,132
DK011,3,4,133
DK012,3,4,134
DK013,3,4,135
DK014,3,4,136
DK02,2,4,137
DK021,3,4,138
DK022,3,4,139
DK03,2,4,140
DK031,3,4,141
DK032,3,4,142
DK04,2,4,143
DK041,3,4,144
DK042,3,4,145
DK05,2,4,146
DK050,3,4,147
DKZ,1,4,148
DKZZ,2,4,149
DKZZZ,3,4,150
DE,0,5,151
DE1,1,5,152
DE11,2,5,153
DE111,3,5,154
DE112,3,5,155
DE113,3,5,156
DE114,3,5,157
DE115,3,5,158
DE116,3,5,159
DE117,3,5,160
DE118,3,5,161
DE119,3,5,162
DE11A,3,5,163
DE11B,3,5,164
DE11C,3,5,165
DE11D,3,5,166
DE12,2,5,167
DE121,3,5,168
DE122,3,5,169
DE123,3,5,170
DE124,3,5,171
DE125,3,5,172
DE126,3,5,173
DE127,3,5,174
DE128,3,5,175
DE129,3,5,176
DE12A,3,5,177
DE12B,3,5,178
DE12C,3,5,179
DE13,2,5,180
DE131,3,5,181
DE132,3,5,182
DE133,3,5,183
DE134,3,5,184
DE135,3,5,185
DE136,3,5,186
DE137,3,5,187
DE138,3,5,188
DE139,3,5,189
DE13A,3,5,190
DE14,2,5,191
DE141,3,5,192
DE142,3,5,193
DE143,3,5,194
DE144,3,5,195
DE145,3,5,196
DE146,3,5,197
DE147,3,5,198
DE148,3,5,199
DE149,3,5,200
DE2,1,5,201
DE21,2,5,202
DE211,3,5,203
DE212,3,5,204
DE213,3,5,205
DE214,3,5,206
DE215,3,5,207
DE216,3,5,208
DE217,3,5,209
DE218,3,5,210
DE219,3,5,211
DE21A,3,5,212
DE21B,3,5,213
DE21C,3,5,214
DE21D,3,5,215
DE21E,3,5,216
DE21F,3,5,217
DE21G,3,5,218
DE21H,3,5,219
DE21I,3,5,220
DE21J,3,5,221
DE21K,3,5,222
DE21L,3,5,223
DE21M,3,5,224
DE21N,3,5,225
DE22,2,5,226
DE221,3,5,227
DE222,3,5,228
DE223,3,5,229
DE224,3,5,230
DE225,3,5,231
DE226,3,5,232
DE227,3,5,233
DE228,3,5,234
DE229,3,5,235
DE22A,3,5,236
DE22B,3,5,237
DE22C,3,5,238
DE23,2,5,239
DE231,3,5,240
DE232,3,5,241
DE233,3,5,242
DE234,3,5,243
DE235,3,5,244
DE236,3,5,245
DE237,3,5,246
DE238,3,5,247
DE239,3,5,248
DE23A,3,5,249
DE24,2,5,250
DE241,3,5,251
DE242,3,5,252
DE243,3,5,253
DE244,3,5,254
DE245,3,5,255
DE246,3,5,256
DE247,3,5,257
DE248,3,5,258
DE249,3,5,259
DE24A,3,5,260
DE24B,3,5,261
DE24C,3,5,262
DE24D,3,5,263
DE25,2,5,264
DE251,3,5,265
DE252,3,5,266
DE253,3,5,267
DE254,3,5,268
DE255,3,5,269
DE256,3,5,270
DE257,3,5,271
DE258,3,5,272
DE259,3,5,273
DE25A,3,5,274
DE25B,3,5,275
DE25C,3,5,276
DE26,2,5,277
DE261,3,5,278
DE262,3,5,279
DE263,3,5,280
DE264,3,5,281
DE265,3,5,282
DE266,3,5,283
DE267,3,5,284
DE268,3,5,285
DE269,3,5,286
DE26A,3,5,287
DE26B,3,5,288
DE26C,3,5,289
DE27,2,5,290
DE271,3,5,291
DE272,3,5,292
DE273,3,5,293
DE274,3,5,294
DE275,3,5,295
DE276,3,5,296
DE277,3,5,297
DE278,3,5,298
DE279,3,5,299
DE27A,3,5,300
DE27B,3,5,301
DE27C,3,5,302
DE27D,3,5,303
DE27E,3,5,304
DE3,1,5,305
DE30,2,5,306
DE300,3,5,307
DE4,1,5,308
DE40,2,5,309
DE401,3,5,310
DE402,3,5,311
DE403,3,5,312
DE404,3,5,313
DE405,3,5,314
DE406,3,5,315
DE407,3,5,316
DE408,3,5,317
DE409,3,5,318
DE40A,3,5,319
DE40B,3,5,320
DE40C,3,5,321
DE40D,3,5,322
DE40E,3,5,323
DE40F,3,5,324
DE40G,3,5,325
DE40H,3,5,326
DE40I,3,5,327
DE5,1,5,328
DE50,2,5,329
DE501,3,5,330
DE502,3,5,331
DE6,1,5,332
DE60,2,5,333
DE600,3,5,334
DE7,1,5,335
DE71,2,5,336
DE711,3,5,337
DE712,3,5,338
DE713,3,5,339
DE714,3,5,340
DE715,3,5,341
DE716,3,5,342
DE717,3,5,343
DE718,3,5,344
DE719,3,5,345
DE71A,3,5,346
DE71B,3,5,347
DE71C,3,5,348
DE71D,3,5,349
DE71E,3,5,350
DE72,2,5,351
DE721,3,5,352
DE722,3,5,353
DE723,3,5,354
DE724,3,5,355
DE725,3,5,356
DE73,2,5,357
DE731,3,5,358
DE732,3,5,359
DE733,3,5,360
DE734,3,5,361
DE735,3,5,362
DE736,3,5,363
DE737,3,5,364
DE8,1,5,365
DE80,2,5,366
DE803,3,5,367
DE804,3,5,368
DE80J,3,5,369
DE80K,3,5,370
DE80L,3,5,371
DE80M,3,5,372
DE80N,3,5,373
DE80O,3,5,374
DE9,1,5,375
DE91,2,5,376
DE911,3,5,377
DE912,3,5,378
DE913,3,5,379
DE914,3,5,380
DE916,3,5,381
DE917,3,5,382
DE918,3,5,383
DE91A,3,5,384
DE91B,3,5,385
DE91C,3,5,386
DE92,2,5,387
DE922,3,5,388
DE923,3,5,389
DE925,3,5,390
DE926,3,5,391
DE927,3,5,392
DE928,3,5,393
DE929,3,5,394
DE93,2,5,395
DE931,3,5,396
DE932,3,5,397
DE933,3,5,398
DE934,3,5,399
DE935,3,5,400
DE936,3,5,401
DE937,3,5,402
DE938,3,5,403
DE939,3,5,404
DE93A,3,5,405
DE93B,3,5,406
DE94,2,5,407
DE941,3,5,408
DE942,3,5,409
DE943,3,5,410
DE944,3,5,411
DE945,3,5,412
DE946,3,5,413
DE947,3,5,414
DE948,3,5,415
DE949,3,5,416
DE94A,3,5,417
DE94B,3,5,418
DE94C,3,5,419
DE94D,3,5,420
DE94E,3,5,421
DE94F,3,5,422
DE94G,3,5,423
DE94H,3,5,424
DEA,1,5,425
DEA1,2,5,426
DEA11,3,5,427
DEA12,3,5,428
DEA13,3,5,429
DEA14,3,5,430
DEA15,3,5,431
DEA16,3,5,432
DEA17,3,5,433
DEA18,3,5,434
DEA19,3,5,435
DEA1A,3,5,436
DEA1B,3,5,437
DEA1C,3,5,438
DEA1D,3,5,439
DEA1E,3,5,440
DEA1F,3,5,441
DEA2,2,5,442
DEA22,3,5,443
DEA23,3,5,444
DEA24,3,5,445
DEA26,3,5,446
DEA27,3,5,447
DEA28,3,5,448
DEA29,3,5,449
DEA2A,3,5,450
DEA2B,3,5,451
DEA2C,3,5,452
DEA2D,3,5,453
DEA3,2,5,454
DEA31,3,5,455
DEA32,3,5,456
DEA33,3,5,457
DEA34,3,5,458
DEA35,3,5,459
DEA36,3,5,460
DEA37,3,5,461
DEA38,3,5,462
DEA4,2,5,463
DEA41,3,5,464
DEA42,3,5,465
DEA43,3,5,466
DEA44,3,5,467
DEA45,3,5,468
DEA46,3,5,469
DEA47,3,5,470
DEA5,2,5,471
DEA51,3,5,472
DEA52,3,5,473
DEA53,3,5,474
DEA54,3,5,475
DEA55,3,5,476
DEA56,3,5,477
DEA57,3,5,478
DEA58,3,5,479
DEA59,3,5,480
DEA5A,3,5,481
DEA5B,3,5,482
DEA5C,3,5,483
DEB,1,5,484
DEB1,2,5,485
DEB11,3,5,486
DEB12,3,5,487
DEB13,3,5,488
DEB14,3,5,489
DEB15,3,5,490
DEB17,3,5,491
DEB18,3,5,492
DEB1A,3,5,493
DEB1B,3,5,494
DEB1C,3,5,495
DEB1D,3,5,496
DEB2,2,5,497
DEB21,3,5,498
DEB22,3,5,499
DEB23,3,5,500
DEB24,3,5,501
DEB25,3,5,502
DEB3,2,5,503
DEB31,3,5,504
DEB32,3,5,505
DEB33,3,5,506
DEB34,3,5,507
DEB35,3,5,508
DEB36,3,5,509
DEB37,3,5,510
DEB38,3,5,511
DEB39,3,5,512
DEB3A,3,5,513
DEB3B,3,5,514
DEB3C,3,5,515
DEB3D,3,5,516
DEB3E,3,5,517
DEB3F,3,5,518
DEB3G,3,5,519
DEB3H,3,5,520
DEB3I,3,5,521
DEB3J,3,5,522
DEB3K,3,5,523
DEC,1,5,524
DEC0,2,5,525
DEC01,3,5,526
DEC02,3,5,527
DEC03,3,5,528
DEC04,3,5,529
DEC05,3,5,530
DEC06,3,5,531
DED,1,5,532
DED2,2,5,533
DED21,3,5,534
DED2C,3,5,535
DED2D,3,5,536
DED2E,3,5,537
DED2F,3,5,538
DED4,2,5,539
DED41,3,5,540
DED42,3,5,541
DED43,3,5,542
DED44,3,5,543
DED45,3,5,544
DED5,2,5,545
DED51,3,5,546
DED52,3,5,547
DED53,3,5,548
DEE,1,5,549
DEE0,2,5,550
DEE01,3,5,551
DEE02,3,5,552
DEE03,3,5,553
DEE04,3,5,554
DEE05,3,5,555
DEE06,3,5,556
DEE07,3,5,557
DEE08,3,5,558
DEE09,3,5,559
DEE0A,3,5,560
DEE0B,3,5,561
DEE0C,3,5,562
DEE0D,3,5,563
DEE0E,3,5,564
DEF,1,5,565
DEF0,2,5,566
DEF01,3,5,567
DEF02,3,5,568
DEF03,3,5,569
DEF04,3,5,570
DEF05,3,5,571
DEF06,3,5,572
DEF07,3,5,573
DEF08,3,5,574
DEF09,3,5,575
DEF0A,3,5,576
DEF0B,3,5,577
DEF0C,3,5,578
DEF0D,3,5,579
DEF0E,3,5,580
DEF0F,3,5,581
DEG,1,5,582
DEG0,2,5,583
DEG01,3,5,584
DEG02,3,5,585
DEG03,3,5,586
DEG04,3,5,587
DEG05,3,5,588
DEG06,3,5,589
DEG07,3,5,590
DEG09,3,5,591
DEG0A,3,5,592
DEG0B,3,5,593
DEG0C,3,5,594
DEG0D,3,5,595
DEG0E,3,5,596
DEG0F,3,5,597
DEG0G,3,5,598
DEG0H,3,5,599
DEG0I,3,5,600
DEG0J,3,5,601
DEG0K,3,5,602
DEG0L,3,5,603
DEG0M,3,5,604
DEG0N,3,5,605
DEG0P,3,5,606
DEZ,1,5,607
DEZZ,2,5,608
DEZZZ,3,5,609
EE,0,6,610
EE0,1,6,611
EE00,2,6,612
EE001,3,6,613
EE004,3,6,614
EE008,3,6,615
EE009,3,6,616
EE00A,3,6,617
EEZ,1,6,618
EEZZ,2,6,619
EEZZZ,3,6,620
IE,0,7,621
IE0,1,7,622
IE04,2,7,623
IE041,3,7,624
IE042,3,7,625
IE05,2,7,626
IE051,3,7,627
IE052,3,7,628
IE053,3,7,629
IE06,2,7,630
IE061,3,7,631
IE062,3,7,632
IE063,3,7,633
IEZ,1,7,634
IEZZ,2,7,635
IEZZZ,3,7,636
EL,0,8,637
EL3,1,8,638
EL30,2,8,639
EL301,3,8,640
EL302,3,8,641
EL303,3,8,642
EL304,3,8,643
EL305,3,8,644
EL306,3,8,645
EL307,3,8,646
EL4,1,8,647
EL41,2,8,648
EL411,3,8,649
EL412,3,8,650
EL413,3,8,651
EL42,2,8,652
EL421,3,8,653
EL422,3,8,654
EL43,2,8,655
EL431,3,8,656
EL432,3,8,657
EL433,3,8,658
EL434,3,8,659
EL5,1,8,660
EL51,2,8,661
EL511,3,8,662
EL512,3,8,663
EL513,3,8,664
EL514,3,8,665
EL515,3,8,666
EL52,2,8,667
EL521,3,8,668
EL522,3,8,669
EL523,3,8,670
EL524,3,8,671
EL525,3,8,672
EL526,3,8,673
EL527,3,8,674
EL53,2,8,675
EL531,3,8,676
EL532,3,8,677
EL533,3,8,678
EL54,2,8,679
EL541,3,8,680
EL542,3,8,681
EL543,3,8,682
EL6,1,8,683
EL61,2,8,684
EL611,3,8,685
EL612,3,8,686
EL613,3,8,687
EL62,2,8,688
EL621,3,8,689
EL622,3,8,690
EL623,3,8,691
EL624,3,8,692
EL63,2,8,693
EL631,3,8,694
EL632,3,8,695
EL633,3,8,696
EL64,2,8,697
EL641,3,8,698
EL642,3,8,699
EL643,3,8,700
EL644,3,8,701
EL645,3,8,702
EL65,2,8,703
EL651,3,8,704
EL652,3,8,705
EL653,3,8,706
ELZ,1,8,707
ELZZ,2,8,708
ELZZZ,3,8,709
ES,0,9,710
ES1,1,9,711
ES11,2,9,712
ES111,3,9,713
ES112,3,9,714
ES113,3,9,715
ES114,3,9,716
ES12,2,9,717
ES120,3,9,718
ES13,2,9,719
ES130,3,9,720
ES2,1,9,721
ES21,2,9,722
ES211,3,9,723
ES212,3,9,724
ES213,3,9,725
ES22,2,9,726
ES220,3,9,727
ES23,2,9,728
ES230,3,9,729
ES24,2,9,730
ES241,3,9,731
ES242,3,9,732
ES243,3,9,733
ES3,1,9,734
ES30,2,9,735
ES300,3,9,736
ES4,1,9,737
ES41,2,9,738
ES411,3,9,739
ES412,3,9,740
ES413,3,9,741
ES414,3,9,742
ES415,3,9,743
ES416,3,9,744
ES417,3,9,745
ES418,3,9,746
ES419,3,9,747
ES42,2,9,748
ES421,3,9,749
ES422,3,9,750
ES423,3,9,751
ES424,3,9,752
ES425,3,9,753
ES43,2,9,754
ES431,3,9,755
ES432,3,9,756
ES5,1,9,757
ES51,2,9,758
ES511,3,9,759
ES512,3,9,760
ES513,3,9,761
ES514,3,9,762
ES52,2,9,763
ES521,3,9,764
ES522,3,9,765
ES523,3,9,766
ES53,2,9,767
ES531,3,9,768
ES532,3,9,769
ES533,3,9,770
ES6,1,9,771
ES61,2,9,772
ES611,3,9,773
ES612,3,9,774
ES613,3,9,775
ES614,3,9,776
ES615,3,9,777
ES616,3,9,778
ES617,3,9,779
ES618,3,9,780
ES62,2,9,781
ES620,3,9,782
ES63,2,9,783
ES630,3,9,784
ES64,2,9,785
ES640,3,9,786
ES7,1,9,787
ES70,2,9,788
ES703,3,9,789
ES704,3,9,790
ES705,3,9,791
ES706,3,9,792
ES707,3,9,793
ES708,3,9,794
ES709,3,9,795
ESZ,1,9,796
ESZZ,2,9,797
ESZZZ,3,9,798
FR,0,10,799
FR1,1,10,800
FR10,2,10,801
FR101,3,10,802
FR102,3,10,803
FR103,3,10,804
FR104,3,10,805
FR105,3,10,806
FR106,3,10,807
FR107,3,10,808
FR108,3,10,809
FRB,1,10,810
FRB0,2,10,811
FRB01,3,10,812
FRB02,3,10,813
FRB03,3,10,814
FRB04,3,10,815
FRB05,3,10,816
FRB06,3,10,817
FRC,1,10,818
FRC1,2,10,819
FRC11,3,10,820
FRC12,3,10,821
FRC13,3,10,822
FRC14,3,10,823
FRC2,2,10,824
FRC21,3,10,825
FRC22,3,10,826
FRC23,3,10,827
FRC24,3,10,828
FRD,1,10,829
FRD1,2,10,830
FRD11,3,10,831
FRD12,3,10,832
FRD13,3,10,833
FRD2,2,10,834
FRD21,3,10,835
FRD22,3,10,836
FRE,1,10,837
FRE1,2,10,838
FRE11,3,10,839
FRE12,3,10,840
FRE2,2,10,841
FRE21,3,10,842
FRE22,3,10,843
FRE23,3,10,844
FRF,1,10,845
FRF1,2,10,846
FRF11,3,10,847
FRF12,3,10,848
FRF2,2,10,849
FRF21,3,10,850
FRF22,3,10,851
FRF23,3,10,852
FRF24,3,10,853
FRF3,2,10,854
FRF31,3,10,855
FRF32,3,10,856
FRF33,3,10,857
FRF34,3,10,858
FRG,1,10,859
FRG0,2,10,860
FRG01,3,10,861
FRG02,3,10,862
FRG03,3,10,863
FRG04,3,10,864
FRG05,3,10,865
FRH,1,10,866
FRH0,2,10,867
FRH01,3,10,868
FRH02,3,10,869
FRH03,3,10,870
FRH04,3,10,871
FRI,1,10,872
FRI1,2,10,873
FRI11,3,10,874
FRI12,3,10,875
FRI13,3,10,876
FRI14,3,10,877
FRI15,3,10,878
FRI2,2,10,879
FRI21,3,10,880
FRI22,3,10,881
FRI23,3,10,882
FRI3,2,10,883
FRI31,3,10,884
FRI32,3,10,885
FRI33,3,10,886
FRI34,3,10,887
FRJ,1,10,888
FRJ1,2,10,889
FRJ11,3,10,890
FRJ12,3,10,891
FRJ13,3,10,892
FRJ14,3,10,893
FRJ15,3,10,894
FRJ2,2,10,895
FRJ21,3,10,896
FRJ22,3,10,897
FRJ23,3,10,898
FRJ24,3,10,899
FRJ25,3,10,900
FRJ26,3,10,901
FRJ27,3,10,902
FRJ28,3,10,903
FRK,1,10,904
FRK1,2,10,905
FRK11,3,10,906
FRK12,3,10,907
FRK13,3,10,908
FRK14,3,10,909
FRK2,2,10,910
FRK21,3,10,911
FRK22,3,10,912
FRK23,3,10,913
FRK24,3,10,914
FRK25,3,10,915
FRK26,3,10,916
FRK27,3,10,917
FRK28,3,10,918
FRL,1,10,919
FRL0,2,10,920
FRL01,3,10,921
FRL02,3,10,922
FRL03,3,10,923
FRL04,3,10,924
FRL05,3,10,925
FRL06,3,10,926
FRM,1,10,927
FRM0,2,10,928
FRM01,3,10,929
FRM02,3,10,930
FRY,1,10,931
FRY1,2,10,932
FRY10,3,10,933
FRY2,2,10,934
FRY20,3,10,935
FRY3,2,10,936
FRY30,3,10,937
FRY4,2,10,938
FRY40,3,10,939
FRY5,2,10,940
FRY50,3,10,941
FRZ,1,10,942
FRZZ,2,10,943
FRZZZ,3,10,944
HR,0,11,945
HR0,1,11,946
HR02,2,11,947
HR021,3,11,948
HR022,3,11,949
HR023,3,11,950
HR024,3,11,951
HR025,3,11,952
HR026,3,11,953
HR027,3,11,954
HR028,3,11,955
HR03,2,11,956
HR031,3,11,957
HR032,3,11,958
HR033,3,11,959
HR034,3,11,960
HR035,3,11,961
HR036,3,11,962
HR037,3,11,963
HR05,2,11,964
HR050,3,11,965
HR06,2,11,966
HR061,3,11,967
HR062,3,11,968
HR063,3,11,969
HR064,3,11,970
HR065,3,11,971
HRZ,1,11,972
HRZZ,2,11,973
HRZZZ,3,11,974
IT,0,12,975
ITC,1,12,976
ITC1,2,12,977
ITC11,3,12,978
ITC12,3,12,979
ITC13,3,12,980
ITC14,3,12,981
ITC15,3,12,982
ITC16,3,12,983
ITC17,3,12,984
ITC18,3,12,985
ITC2,2,12,986
ITC20,3,12,987
ITC3,2,12,988
ITC31,3,12,989
ITC32,3,12,990
ITC33,3,12,991
ITC34,3,12,992
ITC4,2,12,993
ITC41,3,12,994
ITC42,3,12,995
ITC43,3,12,996
ITC44,3,12,997
ITC46,3,12,998
ITC47,3,12,999
ITC48,3,12,1000
ITC49,3,12,1001
ITC4A,3,12,1002
ITC4B,3,12,1003
ITC4C,3,12,1004
ITC4D,3,12,1005
ITF,1,12,1006
ITF1,2,12,1007
ITF11,3,12,1008
ITF12,3,12,1009
ITF13,3,12,1010
ITF14,3,12,1011
ITF2,2,12,1012
ITF21,3,12,1013
ITF22,3,12,1014
ITF3,2,12,1015
ITF31,3,12,1016
ITF32,3,12,1017
ITF33,3,12,1018
ITF34,3,12,1019
ITF35,3,12,1020
ITF4,2,12,1021
ITF43,3,12,1022
ITF44,3,12,1023
ITF45,3,12,1024
ITF46,3,12,1025
ITF47,3,12,1026
ITF48,3,12,1027
ITF5,2,12,1028
ITF51,3,12,1029
ITF52,3,12,1030
ITF6,2,12,1031
ITF61,3,12,1032
ITF62,3,12,1033
ITF63,3,12,1034
ITF64,3,12,1035
ITF65,3,12,1036
ITG,1,12,1037
ITG1,2,12,1038
ITG11,3,12,1039
ITG12,3,12,1040
ITG13,3,12,1041
ITG14,3,12,1042
ITG15,3,12,1043
ITG16,3,12,1044
ITG17,3,12,1045
ITG18,3,12,1046
ITG19,3,12,1047
ITG2,2,12,1048
ITG2D,3,12,1049
ITG2E,3,12,1050
ITG2F,3,12,1051
ITG2G,3,12,1052
ITG2H,3,12,1053
ITH,1,12,1054
ITH1,2,12,1055
ITH10,3,12,1056
ITH2,2,12,1057
ITH20,3,12,1058
ITH3,2,12,1059
ITH31,3,12,1060
ITH32,3,12,1061
ITH33,3,12,1062
ITH34,3,12,1063
ITH35,3,12,1064
ITH36,3,12,1065
ITH37,3,12,1066
ITH4,2,12,1067
ITH41,3,12,1068
ITH42,3,12,1069
ITH43,3,12,1070
ITH44,3,12,1071
ITH5,2,12,1072
ITH51,3,12,1073
ITH52,3,12,1074
ITH53,3,12,1075
ITH54,3,12,1076
ITH55,3,12,1077
ITH56,3,12,1078
ITH57,3,12,1079
ITH58,3,12,1080
ITH59,3,12,1081
ITI,1,12,1082
ITI1,2,12,1083
ITI11,3,12,1084
ITI12,3,12,1085
ITI13,3,12,1086
ITI14,3,12,1087
ITI15,3,12,1088
ITI16,3,12,1089
ITI17,3,12,1090
ITI18,3,12,1091
ITI19,3,12,1092
ITI1A,3,12,1093
ITI2,2,12,1094
ITI21,3,12,1095
ITI22,3,12,1096
ITI3,2,12,1097
ITI31,3,12,1098
ITI32,3,12,1099
ITI33,3,12,1100
ITI34,3,12,1101
ITI35,3,12,1102
ITI4,2,12,1103
ITI41,3,12,1104
ITI42,3,12,1105
ITI43,3,12,1106
ITI44,3,12,1107
ITI45,3,12,1108
ITZ,1,12,1109
ITZZ,2,12,1110
ITZZZ,3,12,1111
CY,0,13,1112
CY0,1,13,1113
CY00,2,13,1114
CY000,3,13,1115
CYZ,1,13,1116
CYZZ,2,13,1117
CYZZZ,3,13,1118
LV,0,14,1119
LV0,1,14,1120
LV00,2,14,1121
LV003,3,14,1122
LV005,3,14,1123
LV006,3,14,1124
LV007,3,14,1125
LV008,3,14,1126
LV009,3,14,1127
LVZ,1,14,1128
LVZZ,2,14,1129
LVZZZ,3,14,1130
LT,0,15,1131
LT0,1,15,1132
LT01,2,15,1133
LT011,3,15,1134
LT02,2,15,1135
LT021,3,15,1136
LT022,3,15,1137
LT023,3,15,1138
LT024,3,15,1139
LT025,3,15,1140
LT026,3,15,1141
LT027,3,15,1142
LT028,3,15,1143
LT029,3,15,1144
LTZ,1,15,1145
LTZZ,2,15,1146
LTZZZ,3,15,1147
LU,0,16,1148
LU0,1,16,1149
LU00,2,16,1150
LU000,3,16,1151
LUZ,1,16,1152
LUZZ,2,16,1153
LUZZZ,3,16,1154
HU,0,17,1155
HU1,1,17,1156
HU11,2,17,1157
HU110,3,17,1158
HU12,2,17,1159
HU120,3,17,1160
HU2,1,17,1161
HU21,2,17,1162
HU211,3,17,1163
HU212,3,17,1164
HU213,3,17,1165
HU22,2,17,1166
HU221,3,17,1167
HU222,3,17,1168
HU223,3,17,1169
HU23,2,17,1170
HU231,3,17,1171
HU232,3,17,1172
HU233,3,17,1173
HU3,1,17,1174
HU31,2,17,1175
HU311,3,17,1176
HU312,3,17,1177
HU313,3,17,1178
HU32,2,17,1179
HU321,3,17,1180
HU322,3,17,1181
HU323,3,17,1182
HU33,2,17,1183
HU331,3,17,1184
HU332,3,17,1185
HU333,3,17,1186
HUZ,1,17,1187
HUZZ,2,17,1188
HUZZZ,3,17,1189
MT,0,18,1190
MT0,1,18,1191
MT00,2,18,1192
MT001,3,18,1193
MT002,3,18,1194
MTZ,1,18,1195
MTZZ,2,18,1196
MTZZZ,3,18,1197
NL,0,19,1198
NL1,1,19,1199
NL11,2,19,1200
NL111,3,19,1201
NL112,3,19,1202
NL113,3,19,1203
NL12,2,19,1204
NL124,3,19,1205
NL125,3,19,1206
NL126,3,19,1207
NL13,2,19,1208
NL131,3,19,1209
NL132,3,19,1210
NL133,3,19,1211
NL2,1,19,1212
NL21,2,19,1213
NL211,3,19,1214
NL212,3,19,1215
NL213,3,19,1216
NL22,2,19,1217
NL221,3,19,1218
NL224,3,19,1219
NL225,3,19,1220
NL226,3,19,1221
NL23,2,19,1222
NL230,3,19,1223
NL3,1,19,1224
NL31,2,19,1225
NL310,3,19,1226
NL32,2,19,1227
NL321,3,19,1228
NL323,3,19,1229
NL324,3,19,1230
NL325,3,19,1231
NL327,3,19,1232
NL328,3,19,1233
NL329,3,19,1234
NL33,2,19,1235
NL332,3,19,1236
NL333,3,19,1237
NL337,3,19,1238
NL33A,3,19,1239
NL33B,3,19,1240
NL33C,3,19,1241
NL34,2,19,1242
NL341,3,19,1243
NL342,3,19,1244
NL4,1,19,1245
NL41,2,19,1246
NL411,3,19,1247
NL412,3,19,1248
NL413,3,19,1249
NL414,3,19,1250
NL42,2,19,1251
NL421,3,19,1252
NL422,3,19,1253
NL423,3,19,1254
NLZ,1,19,1255
NLZZ,2,19,1256
NLZZZ,3,19,1257
AT,0,20,1258
AT1,1,20,1259
AT11,2,20,1260
AT111,3,20,1261
AT112,3,20,1262
AT113,3,20,1263
AT12,2,20,1264
AT121,3,20,1265
AT122,3,20,1266
AT123,3,20,1267
AT124,3,20,1268
AT125,3,20,1269
AT126,3,20,1270
AT127,3,20,1271
AT13,2,20,1272
AT130,3,20,1273
AT2,1,20,1274
AT21,2,20,1275
AT211,3,20,1276
AT212,3,20,1277
AT213,3,20,1278
AT22,2,20,1279
AT221,3,20,1280
AT222,3,20,1281
AT223,3,20,1282
AT224,3,20,1283
AT225,3,20,1284
AT226,3,20,1285
AT3,1,20,1286
AT31,2,20,1287
AT311,3,20,1288
AT312,3,20,1289
AT313,3,20,1290
AT314,3,20,1291
AT315,3,20,1292
AT32,2,20,1293
AT321,3,20,1294
AT322,3,20,1295
AT323,3,20,1296
AT33,2,20,1297
AT331,3,20,1298
AT332,3,20,1299
AT333,3,20,1300
AT334,3,20,1301
AT335,3,20,1302
AT34,2,20,1303
AT341,3,20,1304
AT342,3,20,1305
ATZ,1,20,1306
ATZZ,2,20,1307
ATZZZ,3,20,1308
PL,0,21,1309
PL2,1,21,1310
PL21,2,21,1311
PL213,3,21,1312
PL214,3,21,1313
PL217,3,21,1314
PL218,3,21,1315
PL219,3,21,1316
PL21A,3,21,1317
PL22,2,21,1318
PL224,3,21,1319
PL225,3,21,1320
PL227,3,21,1321
PL228,3,21,1322
PL229,3,21,1323
PL22A,3,21,1324
PL22B,3,21,1325
PL22C,3,21,1326
PL4,1,21,1327
PL41,2,21,1328
PL411,3,21,1329
PL414,3,21,1330
PL415,3,21,1331
PL416,3,21,1332
PL417,3,21,1333
PL418,3,21,1334
PL42,2,21,1335
PL424,3,21,1336
PL426,3,21,1337
PL427,3,21,1338
PL428,3,21,1339
PL43,2,21,1340
PL431,3,21,1341
PL432,3,21,1342
PL5,1,21,1343
PL51,2,21,1344
PL514,3,21,1345
PL515,3,21,1346
PL516,3,21,1347
PL517,3,21,1348
PL518,3,21,1349
PL52,2,21,1350
PL523,3,21,1351
PL524,3,21,1352
PL6,1,21,1353
PL61,2,21,1354
PL613,3,21,1355
PL616,3,21,1356
PL617,3,21,1357
PL618,3,21,1358
PL619,3,21,1359
PL62,2,21,1360
PL621,3,21,1361
PL622,3,21,1362
PL623,3,21,1363
PL63,2,21,1364
PL633,3,21,1365
PL634,3,21,1366
PL636,3,21,1367
PL637,3,21,1368
PL638,3,21,1369
PL7,1,21,1370
PL71,2,21,1371
PL711,3,21,1372
PL712,3,21,1373
PL713,3,21,1374
PL714,3,21,1375
PL715,3,21,1376
PL72,2,21,1377
PL721,3,21,1378
PL722,3,21,1379
PL8,1,21,1380
PL81,2,21,1381
PL811,3,21,1382
PL812,3,21,1383
PL814,3,21,1384
PL815,3,21,1385
PL82,2,21,1386
PL821,3,21,1387
PL822,3,21,1388
PL823,3,21,1389
PL824,3,21,1390
PL84,2,21,1391
PL841,3,21,1392
PL842,3,21,1393
PL843,3,21,1394
PL9,1,21,1395
PL91,2,21,1396
PL911,3,21,1397
PL912,3,21,1398
PL913,3,21,1399
PL92,2,21,1400
PL921,3,21,1401
PL922,3,21,1402
PL923,3,21,1403
PL924,3,21,1404
PL925,3,21,1405
PL926,3,21,1406
PLZ,1,21,1407
PLZZ,2,21,1408
PLZZZ,3,21,1409
PT,0,22,1410
PT1,1,22,1411
PT11,2,22,1412
PT111,3,22,1413
PT112,3,22,1414
PT119,3,22,1415
PT11A,3,22,1416
PT11B,3,22,1417
PT11C,3,22,1418
PT11D,3,22,1419
PT11E,3,22,1420
PT15,2,22,1421
PT150,3,22,1422
PT16,2,22,1423
PT16B,3,22,1424
PT16D,3,22,1425
PT16E,3,22,1426
PT16F,3,22,1427
PT16G,3,22,1428
PT16H,3,22,1429
PT16I,3,22,1430
PT16J,3,22,1431
PT17,2,22,1432
PT170,3,22,1433
PT18,2,22,1434
PT181,3,22,1435
PT184,3,22,1436
PT185,3,22,1437
PT186,3,22,1438
PT187,3,22,1439
PT2,1,22,1440
PT20,2,22,1441
PT200,3,22,1442
PT3,1,22,1443
PT30,2,22,1444
PT300,3,22,1445
PTZ,1,22,1446
PTZZ,2,22,1447
PTZZZ,3,22,1448
RO,0,23,1449
RO1,1,23,1450
RO11,2,23,1451
RO111,3,23,1452
RO112,3,23,1453
RO113,3,23,1454
RO114,3,23,1455
RO115,3,23,1456
RO116,3,23,1457
RO12,2,23,1458
RO121,3,23,1459
RO122,3,23,1460
RO123,3,23,1461
RO124,3,23,1462
RO125,3,23,1463
RO126,3,23,1464
RO2,1,23,1465
RO21,2,23,1466
RO211,3,23,1467
RO212,3,23,1468
RO213,3,23,1469
RO214,3,23,1470
RO215,3,23,1471
RO216,3,23,1472
RO22,2,23,1473
RO221,3,23,1474
RO222,3,23,1475
RO223,3,23,1476
RO224,3,23,1477
RO225,3,23,1478
RO226,3,23,1479
RO3,1,23,1480
RO31,2,23,1481
RO311,3,23,1482
RO312,3,23,1483
RO313,3,23,1484
RO314,3,23,1485
RO315,3,23,1486
RO316,3,23,1487
RO317,3,23,1488
RO32,2,23,1489
RO321,3,23,1490
RO322,3,23,1491
RO4,1,23,1492
RO41,2,23,1493
RO411,3,23,1494
RO412,3,23,1495
RO413,3,23,1496
RO414,3,23,1497
RO415,3,23,1498
RO42,2,23,1499
RO421,3,23,1500
RO422,3,23,1501
RO423,3,23,1502
RO424,3,23,1503
ROZ,1,23,1504
ROZZ,2,23,1505
ROZZZ,3,23,1506
SI,0,24,1507
SI0,1,24,1508
SI03,2,24,1509
SI031,3,24,1510
SI032,3,24,1511
SI033,3,24,1512
SI034,3,24,1513
SI035,3,24,1514
SI036,3,24,1515
SI037,3,24,1516
SI038,3,24,1517
SI04,2,24,1518
SI041,3,24,1519
SI042,3,24,1520
SI043,3,24,1521
SI044,3,24,1522
SIZ,1,24,1523
SIZZ,2,24,1524
SIZZZ,3,24,1525
SK,0,25,1526
SK0,1,25,1527
SK01,2,25,1528
SK010,3,25,1529
SK02,2,25,1530
SK021,3,25,1531
SK022,3,25,1532
SK023,3,25,1533
SK03,2,25,1534
SK031,3,25,1535
SK032,3,25,1536
SK04,2,25,1537
SK041,3,25,1538
SK042,3,25,1539
SKZ,1,25,1540
SKZZ,2,25,1541
SKZZZ,3,25,1542
FI,0,26,1543
FI1,1,26,1544
FI19,2,26,1545
FI193,3,26,1546
FI194,3,26,1547
FI195,3,26,1548
FI196,3,26,1549
FI197,3,26,1550
FI1B,2,26,1551
FI1B1,3,26,1552
FI1C,2,26,1553
FI1C1,3,26,1554
FI1C2,3,26,1555
FI1C3,3,26,1556
FI1C4,3,26,1557
FI1C5,3,26,1558
FI1D,2,26,1559
FI1D1,3,26,1560
FI1D2,3,26,1561
FI1D3,3,26,1562
FI1D5,3,26,1563
FI1D7,3,26,1564
FI1D8,3,26,1565
FI1D9,3,26,1566
FI2,1,26,1567
FI20,2,26,1568
FI200,3,26,1569
FIZ,1,26,1570
FIZZ,2,26,1571
FIZZZ,3,26,1572
SE,0,27,1573
SE1,1,27,1574
SE11,2,27,1575
SE110,3,27,1576
SE12,2,27,1577
SE121,3,27,1578
SE122,3,27,1579
SE123,3,27,1580
SE124,3,27,1581
SE125,3,27,1582
SE2,1,27,1583
SE21,2,27,1584
SE211,3,27,1585
SE212,3,27,1586
SE213,3,27,1587
SE214,3,27,1588
SE22,2,27,1589
SE221,3,27,1590
SE224,3,27,1591
SE23,2,27,1592
SE231,3,27,1593
SE232,3,27,1594
SE3,1,27,1595
SE31,2,27,1596
SE311,3,27,1597
SE312,3,27,1598
SE313,3,27,1599
SE32,2,27,1600
SE321,3,27,1601
SE322,3,27,1602
SE33,2,27,1603
SE331,3,27,1604
SE332,3,27,1605
SEZ,1,27,1606
SEZZ,2,27,1607
SEZZZ,3,27,1608
UK,0,28,1609
UKC,1,28,1610
UKC1,2,28,1611
UKC11,3,28,1612
UKC12,3,28,1613
UKC13,3,28,1614
UKC14,3,28,1615
UKC2,2,28,1616
UKC21,3,28,1617
UKC22,3,28,1618
UKC23,3,28,1619
UKD,1,28,1620
UKD1,2,28,1621
UKD11,3,28,1622
UKD12,3,28,1623
UKD3,2,28,1624
UKD33,3,28,1625
UKD34,3,28,1626
UKD35,3,28,1627
UKD36,3,28,1628
UKD37,3,28,1629
UKD4,2,28,1630
UKD41,3,28,1631
UKD42,3,28,1632
UKD44,3,28,1633
UKD45,3,28,1634
UKD46,3,28,1635
UKD47,3,28,1636
UKD6,2,28,1637
UKD61,3,28,1638
UKD62,3,28,1639
UKD63,3,28,1640
UKD7,2,28,1641
UKD71,3,28,1642
UKD72,3,28,1643
UKD73,3,28,1644
UKD74,3,28,1645
UKE,1,28,1646
UKE1,2,28,1647
UKE11,3,28,1648
UKE12,3,28,1649
UKE13,3,28,1650
UKE2,2,28,1651
UKE21,3,28,1652
UKE22,3,28,1653
UKE3,2,28,1654
UKE31,3,28,1655
UKE32,3,28,1656
UKE4,2,28,1657
UKE41,3,28,1658
UKE42,3,28,1659
UKE44,3,28,1660
UKE45,3,28,1661
UKF,1,28,1662
UKF1,2,28,1663
UKF11,3,28,1664
UKF12,3,28,1665
UKF13,3,28,1666
UKF14,3,28,1667
UKF15,3,28,1668
UKF16,3,28,1669
UKF2,2,28,1670
UKF21,3,28,1671
UKF22,3,28,1672
UKF24,3,28,1673
UKF25,3,28,1674
UKF3,2,28,1675
UKF30,3,28,1676
UKG,1,28,1677
UKG1,2,28,1678
UKG11,3,28,1679
UKG12,3,28,1680
UKG13,3,28,1681
UKG2,2,28,1682
UKG21,3,28,1683
UKG22,3,28,1684
UKG23,3,28,1685
UKG24,3,28,1686
UKG3,2,28,1687
UKG31,3,28,1688
UKG32,3,28,1689
UKG33,3,28,1690
UKG36,3,28,1691
UKG37,3,28,1692
UKG38,3,28,1693
UKG39,3,28,1694
UKH,1,28,1695
UKH1,2,28,1696
UKH11,3,28,1697
UKH12,3,28,1698
UKH14,3,28,1699
UKH15,3,28,1700
UKH16,3,28,1701
UKH17,3,28,1702
UKH2,2,28,1703
UKH21,3,28,1704
UKH23,3,28,1705
UKH24,3,28,1706
UKH25,3,28,1707
UKH3,2,28,1708
UKH31,3,28,1709
UKH32,3,28,1710
UKH34,3,28,1711
UKH35,3,28,1712
UKH36,3,28,1713
UKH37,3,28,1714
UKI,1,28,1715
UKI3,2,28,1716
UKI31,3,28,1717
UKI32,3,28,1718
UKI33,3,28,1719
UKI34,3,28,1720
UKI4,2,28,1721
UKI41,3,28,1722
UKI42,3,28,1723
UKI43,3,28,1724
UKI44,3,28,1725
UKI45,3,28,1726
UKI5,2,28,1727
UKI51,3,28,1728
UKI52,3,28,1729
UKI53,3,28,1730
UKI54,3,28,1731
UKI6,2,28,1732
UKI61,3,28,1733
UKI62,3,28,1734
UKI63,3,28,1735
UKI7,2,28,1736
UKI71,3,28,1737
UKI72,3,28,1738
UKI73,3,28,1739
UKI74,3,28,1740
UKI75,3,28,1741
UKJ,1,28,1742
UKJ1,2,28,1743
UKJ11,3,28,1744
UKJ12,3,28,1745
UKJ13,3,28,1746
UKJ14,3,28,1747
UKJ2,2,28,1748
UKJ21,3,28,1749
UKJ22,3,28,1750
UKJ25,3,28,1751
UKJ26,3,28,1752
UKJ27,3,28,1753
UKJ28,3,28,1754
UKJ3,2,28,1755
UKJ31,3,28,1756
UKJ32,3,28,1757
UKJ34,3,28,1758
UKJ35,3,28,1759
UKJ36,3,28,1760
UKJ37,3,28,1761
UKJ4,2,28,1762
UKJ41,3,28,1763
UKJ43,3,28,1764
UKJ44,3,28,1765
UKJ45,3,28,1766
UKJ46,3,28,1767
UKK,1,28,1768
UKK1,2,28,1769
UKK11,3,28,1770
UKK12,3,28,1771
UKK13,3,28,1772
UKK14,3,28,1773
UKK15,3,28,1774
UKK2,2,28,1775
UKK23,3,28,1776
UKK24,3,28,1777
UKK25,3,28,1778
UKK3,2,28,1779
UKK30,3,28,1780
UKK4,2,28,1781
UKK41,3,28,1782
UKK42,3,28,1783
UKK43,3,28,1784
UKL,1,28,1785
UKL1,2,28,1786
UKL11,3,28,1787
UKL12,3,28,1788
UKL13,3,28,1789
UKL14,3,28,1790
UKL15,3,28,1791
UKL16,3,28,1792
UKL17,3,28,1793
UKL18,3,28,1794
UKL2,2,28,1795
UKL21,3,28,1796
UKL22,3,28,1797
UKL23,3,28,1798
UKL24,3,28,1799
UKM,1,28,1800
UKM5,2,28,1801
UKM50,3,28,1802
UKM6,2,28,1803
UKM61,3,28,1804
UKM62,3,28,1805
UKM63,3,28,1806
UKM64,3,28,1807
UKM65,3,28,1808
UKM66,3,28,1809
UKM7,2,28,1810
UKM71,3,28,1811
UKM72,3,28,1812
UKM73,3,28,1813
UKM75,3,28,1814
UKM76,3,28,1815
UKM77,3,28,1816
UKM78,3,28,1817
UKM8,2,28,1818
UKM81,3,28,1819
UKM82,3,28,1820
UKM83,3,28,1821
UKM84,3,28,1822
UKM9,2,28,1823
UKM91,3,28,1824
UKM92,3,28,1825
UKM93,3,28,1826
UKM94,3,28,1827
UKM95,3,28,1828
UKN,1,28,1829
UKN0,2,28,1830
UKN06,3,28,1831
UKN07,3,28,1832
UKN08,3,28,1833
UKN09,3,28,1834
UKN0A,3,28,1835
UKN0B,3,28,1836
UKN0C,3,28,1837
UKN0D,3,28,1838
UKN0E,3,28,1839
UKN0F,3,28,1840
UKN0G,3,28,1841
UKZ,1,28,1842
UKZZ,2,28,1843
UKZZZ,3,28,1844
IS,0,29,1845
IS0,1,29,1846
IS00,2,29,1847
IS001,3,29,1848
IS002,3,29,1849
ISZ,1,29,1850
ISZZ,2,29,1851
ISZZZ,3,29,1852
LI,0,30,1853
LI0,1,30,1854
LI00,2,30,1855
LI000,3,30,1856
LIZ,1,30,1857
LIZZ,2,30,1858
LIZZZ,3,30,1859
NO,0,31,1860
NO0,1,31,1861
NO02,2,31,1862
NO020,3,31,1863
NO06,2,31,1864
NO060,3,31,1865
NO07,2,31,1866
NO071,3,31,1867
NO074,3,31,1868
NO08,2,31,1869
NO081,3,31,1870
NO082,3,31,1871
NO09,2,31,1872
NO091,3,31,1873
NO092,3,31,1874
NO0A,2,31,1875
NO0A1,3,31,1876
NO0A2,3,31,1877
NO0A3,3,31,1878
NO0B,2,31,1879
NO0B1,3,31,1880
NO0B2,3,31,1881
NOZ,1,31,1882
NOZZ,2,31,1883
NOZZZ,3,31,1884
CH,0,32,1885
CH0,1,32,1886
CH01,2,32,1887
CH011,3,32,1888
CH012,3,32,1889
CH013,3,32,1890
CH02,2,32,1891
CH021,3,32,1892
CH022,3,32,1893
CH023,3,32,1894
CH024,3,32,1895
CH025,3,32,1896
CH03,2,32,1897
CH031,3,32,1898
CH032,3,32,1899
CH033,3,32,1900
CH04,2,32,1901
CH040,3,32,1902
CH05,2,32,1903
CH051,3,32,1904
CH052,3,32,1905
CH053,3,32,1906
CH054,3,32,1907
CH055,3,32,1908
CH056,3,32,1909
CH057,3,32,1910
CH06,2,32,1911
CH061,3,32,1912
CH062,3,32,1913
CH063,3,32,1914
CH064,3,32,1915
CH065,3,32,1916
CH066,3,32,1917
CH07,2,32,1918
CH070,3,32,1919
CHZ,1,32,1920
CHZZ,2,32,1921
CHZZZ,3,32,1922
ME,0,33,1923
ME0,1,33,1924
ME00,2,33,1925
ME000,3,33,1926
MEZ,1,33,1927
MEZZ,2,33,1928
MEZZZ,3,33,1929
MK,0,34,1930
MK0,1,34,1931
MK00,2,34,1932
MK001,3,34,1933
MK002,3,34,1934
MK003,3,34,1935
MK004,3,34,1936
MK005,3,34,1937
MK006,3,34,1938
MK007,3,34,1939
MK008,3,34,1940
MKZ,1,34,1941
MKZZ,2,34,1942
MKZZZ,3,34,1943
AL,0,35,1944
AL0,1,35,1945
AL01,2,35,1946
AL011,3,35,1947
AL012,3,35,1948
AL013,3,35,1949
AL014,3,35,1950
AL015,3,35,1951
AL02,2,35,1952
AL021,3,35,1953
AL022,3,35,1954
AL03,2,35,1955
AL031,3,35,1956
AL032,3,35,1957
AL033,3,35,1958
AL034,3,35,1959
AL035,3,35,1960
ALZ,1,35,1961
ALZZ,2,35,1962
ALZZZ,3,35,1963
RS,0,36,1964
RS1,1,36,1965
RS11,2,36,1966
RS110,3,36,1967
RS12,2,36,1968
RS121,3,36,1969
RS122,3,36,1970
RS123,3,36,1971
RS124,3,36,1972
RS125,3,36,1973
RS126,3,36,1974
RS127,3,36,1975
RS2,1,36,1976
RS21,2,36,1977
RS211,3,36,1978
RS212,3,36,1979
RS213,3,36,1980
RS214,3,36,1981
RS215,3,36,1982
RS216,3,36,1983
RS217,3,36,1984
RS218,3,36,1985
RS22,2,36,1986
RS221,3,36,1987
RS222,3,36,1988
RS223,3,36,1989
RS224,3,36,1990
RS225,3,36,1991
RS226,3,36,1992
RS227,3,36,1993
RS228,3,36,1994
RS229,3,36,1995
RSZ,1,36,1996
RSZZ,2,36,1997
RSZZZ,3,36,1998
TR,0,37,1999
TR1,1,37,2000
TR10,2,37,2001
TR100,3,37,2002
TR2,1,37,2003
TR21,2,37,2004
TR211,3,37,2005
TR212,3,37,2006
TR213,3,37,2007
TR22,2,37,2008
TR221,3,37,2009
TR222,3,37,2010
TR3,1,37,2011
TR31,2,37,2012
TR310,3,37,2013
TR32,2,37,2014
TR321,3,37,2015
TR322,3,37,2016
TR323,3,37,2017
TR33,2,37,2018
TR331,3,37,2019
TR332,3,37,2020
TR333,3,37,2021
TR334,3,37,2022
TR4,1,37,2023
TR41,2,37,2024
TR411,3,37,2025
TR412,3,37,2026
TR413,3,37,2027
TR42,2,37,2028
TR421,3,37,2029
TR422,3,37,2030
TR423,3,37,2031
TR424,3,37,2032
TR425,3,37,2033
TR5,1,37,2034
TR51,2,37,2035
TR510,3,37,2036
TR52,2,37,2037
TR521,3,37,2038
TR522,3,37,2039
TR6,1,37,2040
TR61,2,37,2041
TR611,3,37,2042
TR612,3,37,2043
TR613,3,37,2044
TR62,2,37,2045
TR621,3,37,2046
TR622,3,37,2047
TR63,2,37,2048
TR631,3,37,2049
TR632,3,37,2050
TR633,3,37,2051
TR7,1,37,2052
TR71,2,37,2053
TR711,3,37,2054
TR712,3,37,2055
TR713,3,37,2056
TR714,3,37,2057
TR715,3,37,2058
TR72,2,37,2059
TR721,3,37,2060
TR722,3,37,2061
TR723,3,37,2062
TR8,1,37,2063
TR81,2,37,2064
TR811,3,37,2065
TR812,3,37,2066
TR813,3,37,2067
TR82,2,37,2068
TR821,3,37,2069
TR822,3,37,2070
TR823,3,37,2071
TR83,2,37,2072
TR831,3,37,2073
TR832,3,37,2074
TR833,3,37,2075
TR834,3,37,2076
TR9,1,37,2077
TR90,2,37,2078
TR901,3,37,2079
TR902,3,37,2080
TR903,3,37,2081
TR904,3,37,2082
TR905,3,37,2083
TR906,3,37,2084
TRA,1,37,2085
TRA1,2,37,2086
TRA11,3,37,2087
TRA12,3,37,2088
TRA13,3,37,2089
TRA2,2,37,2090
TRA21,3,37,2091
TRA22,3,37,2092
TRA23,3,37,2093
TRA24,3,37,2094
TRB,1,37,2095
TRB1,2,37,2096
TRB11,3,37,2097
TRB12,3,37,2098
TRB13,3,37,2099
TRB14,3,37,2100
TRB2,2,37,2101
TRB21,3,37,2102
TRB22,3,37,2103
TRB23,3,37,2104
TRB24,3,37,2105
TRC,1,37,2106
TRC1,2,37,2107
TRC11,3,37,2108
TRC12,3,37,2109
TRC13,3,37,2110
TRC2,2,37,2111
TRC21,3,37,2112
TRC22,3,37,2113
TRC3,2,37,2114
TRC31,3,37,2115
TRC32,3,37,2116
TRC33,3,37,2117
TRC34,3,37,2118
TRZ,1,37,2119
TRZZ,2,37,2120
TRZZZ,3,37,2121
